{
  "accuracy": 0.837,
  "balanced_accuracy": 0.8375556810339418,
  "macro_f1": 0.43820285659632335,
  "weighted_f1": 0.8904709565465512,
  "support_per_class": {
    "NoFailure": 1932,
    "TWF": 11,
    "HDF": 23,
    "PWF": 18,
    "OSF": 16,
    "RNF": 0
  },
  "report": {
    "NoFailure": {
      "precision": 0.9981470043236566,
      "recall": 0.8364389233954451,
      "f1-score": 0.9101661503801746,
      "support": 1932.0
    },
    "TWF": {
      "precision": 0.050359712230215826,
      "recall": 0.6363636363636364,
      "f1-score": 0.09333333333333334,
      "support": 11.0
    },
    "HDF": {
      "precision": 0.1357142857142857,
      "recall": 0.8260869565217391,
      "f1-score": 0.2331288343558282,
      "support": 23.0
    },
    "PWF": {
      "precision": 0.27586206896551724,
      "recall": 0.8888888888888888,
      "f1-score": 0.42105263157894735,
      "support": 18.0
    },
    "OSF": {
      "precision": 0.36363636363636365,
      "recall": 1.0,
      "f1-score": 0.5333333333333333,
      "support": 16.0
    },
    "RNF": {
      "precision": 0.0,
      "recall": 0.0,
      "f1-score": 0.0,
      "support": 0.0
    },
    "accuracy": 0.837,
    "macro avg": {
      "precision": 0.30395323914500655,
      "recall": 0.6979630675282849,
      "f1-score": 0.3651690471636028,
      "support": 2000.0
    },
    "weighted avg": {
      "precision": 0.9714395484094132,
      "recall": 0.837,
      "f1-score": 0.8904709565465512,
      "support": 2000.0
    }
  },
  "confusion_matrix": [
    [
      1616,
      132,
      121,
      39,
      24,
      0
    ],
    [
      2,
      7,
      0,
      0,
      2,
      0
    ],
    [
      0,
      0,
      19,
      3,
      1,
      0
    ],
    [
      1,
      0,
      0,
      16,
      1,
      0
    ],
    [
      0,
      0,
      0,
      0,
      16,
      0
    ],
    [
      0,
      0,
      0,
      0,
      0,
      0
    ]
  ],
  "per_class_auc": {
    "NoFailure": 0.9732980148581171,
    "TWF": 0.9175465057817999,
    "HDF": 0.9643948890501639,
    "PWF": 0.9969447247449265,
    "OSF": 0.9973538306451613,
    "RNF": NaN
  },
  "macro_auc": NaN,
  "micro_auc": 0.97714375,
  "weighted_auc": 0.9732942625266835,
  "binary_auc": 0.9732980148581172
}