{
  "accuracy": 0.914,
  "balanced_accuracy": 0.8206506054332141,
  "macro_f1": 0.6167056225228178,
  "weighted_f1": 0.9420859512113412,
  "support_per_class": {
    "NoFailure": 1932,
    "TWF": 11,
    "HDF": 23,
    "PWF": 18,
    "OSF": 16,
    "RNF": 0
  },
  "report": {
    "NoFailure": {
      "precision": 0.9949494949494949,
      "recall": 0.9177018633540373,
      "f1-score": 0.9547657512116317,
      "support": 1932.0
    },
    "TWF": {
      "precision": 0.04580152671755725,
      "recall": 0.5454545454545454,
      "f1-score": 0.08450704225352113,
      "support": 11.0
    },
    "HDF": {
      "precision": 0.5925925925925926,
      "recall": 0.6956521739130435,
      "f1-score": 0.64,
      "support": 23.0
    },
    "PWF": {
      "precision": 0.5862068965517241,
      "recall": 0.9444444444444444,
      "f1-score": 0.723404255319149,
      "support": 18.0
    },
    "OSF": {
      "precision": 0.5161290322580645,
      "recall": 1.0,
      "f1-score": 0.6808510638297872,
      "support": 16.0
    },
    "RNF": {
      "precision": 0.0,
      "recall": 0.0,
      "f1-score": 0.0,
      "support": 0.0
    },
    "accuracy": 0.914,
    "macro avg": {
      "precision": 0.4559465905115722,
      "recall": 0.6838755045276784,
      "f1-score": 0.5139213521023481,
      "support": 2000.0
    },
    "weighted avg": {
      "precision": 0.9775928296600034,
      "recall": 0.914,
      "f1-score": 0.9420859512113412,
      "support": 2000.0
    }
  },
  "confusion_matrix": [
    [
      1773,
      125,
      11,
      10,
      13,
      0
    ],
    [
      4,
      6,
      0,
      0,
      1,
      0
    ],
    [
      5,
      0,
      16,
      2,
      0,
      0
    ],
    [
      0,
      0,
      0,
      17,
      1,
      0
    ],
    [
      0,
      0,
      0,
      0,
      16,
      0
    ],
    [
      0,
      0,
      0,
      0,
      0,
      0
    ]
  ],
  "per_class_auc": {
    "NoFailure": 0.9672847399829497,
    "TWF": 0.825220531102884,
    "HDF": 0.9961074091178994,
    "PWF": 0.9985424374929925,
    "OSF": 0.9983933971774194,
    "RNF": NaN
  },
  "macro_auc": NaN,
  "micro_auc": 0.994896575,
  "weighted_auc": 0.9673650360643075,
  "binary_auc": 0.9672847399829497
}