{
  "accuracy": 0.6845,
  "balanced_accuracy": 0.8186915741263568,
  "macro_f1": 0.4310421181240467,
  "weighted_f1": 0.7923862752537937,
  "support_per_class": {
    "NoFailure": 1932,
    "TWF": 11,
    "HDF": 23,
    "PWF": 18,
    "OSF": 16,
    "RNF": 0
  },
  "report": {
    "NoFailure": {
      "precision": 1.0,
      "recall": 0.6780538302277432,
      "f1-score": 0.8081431215299199,
      "support": 1932.0
    },
    "TWF": {
      "precision": 0.025210084033613446,
      "recall": 0.8181818181818182,
      "f1-score": 0.04891304347826087,
      "support": 11.0
    },
    "HDF": {
      "precision": 0.08455882352941177,
      "recall": 1.0,
      "f1-score": 0.15593220338983052,
      "support": 23.0
    },
    "PWF": {
      "precision": 0.40625,
      "recall": 0.7222222222222222,
      "f1-score": 0.52,
      "support": 18.0
    },
    "OSF": {
      "precision": 0.4827586206896552,
      "recall": 0.875,
      "f1-score": 0.6222222222222222,
      "support": 16.0
    },
    "RNF": {
      "precision": 0.0,
      "recall": 0.0,
      "f1-score": 0.0,
      "support": 0.0
    },
    "accuracy": 0.6845,
    "macro avg": {
      "precision": 0.3331295880421134,
      "recall": 0.6822429784386307,
      "f1-score": 0.35920176510337226,
      "support": 2000.0
    },
    "weighted avg": {
      "precision": 0.9746294008982903,
      "recall": 0.6845,
      "f1-score": 0.7923862752537937,
      "support": 2000.0
    }
  },
  "confusion_matrix": [
    [
      1310,
      348,
      242,
      19,
      13,
      0
    ],
    [
      0,
      9,
      1,
      0,
      1,
      0
    ],
    [
      0,
      0,
      23,
      0,
      0,
      0
    ],
    [
      0,
      0,
      4,
      13,
      1,
      0
    ],
    [
      0,
      0,
      2,
      0,
      14,
      0
    ],
    [
      0,
      0,
      0,
      0,
      0,
      0
    ]
  ]
}