{
  "accuracy": 0.928,
  "balanced_accuracy": 0.8073483280005019,
  "macro_f1": 0.6446113150786715,
  "weighted_f1": 0.9522559050351115,
  "support_per_class": {
    "NoFailure": 1932,
    "TWF": 11,
    "HDF": 23,
    "PWF": 18,
    "OSF": 16,
    "RNF": 0
  },
  "report": {
    "NoFailure": {
      "precision": 0.9972329828444937,
      "recall": 0.932712215320911,
      "f1-score": 0.9638940893286975,
      "support": 1932.0
    },
    "TWF": {
      "precision": 0.05128205128205128,
      "recall": 0.5454545454545454,
      "f1-score": 0.09375,
      "support": 11.0
    },
    "HDF": {
      "precision": 0.7391304347826086,
      "recall": 0.7391304347826086,
      "f1-score": 0.7391304347826086,
      "support": 23.0
    },
    "PWF": {
      "precision": 0.5666666666666667,
      "recall": 0.9444444444444444,
      "f1-score": 0.7083333333333334,
      "support": 18.0
    },
    "OSF": {
      "precision": 0.6086956521739131,
      "recall": 0.875,
      "f1-score": 0.717948717948718,
      "support": 16.0
    },
    "RNF": {
      "precision": 0.0,
      "recall": 0.0,
      "f1-score": 0.0,
      "support": 0.0
    },
    "accuracy": 0.928,
    "macro avg": {
      "precision": 0.4938346312916222,
      "recall": 0.6727902733337516,
      "f1-score": 0.5371760958988929,
      "support": 2000.0
    },
    "weighted avg": {
      "precision": 0.9820786779272235,
      "recall": 0.928,
      "f1-score": 0.9522559050351115,
      "support": 2000.0
    }
  },
  "confusion_matrix": [
    [
      1802,
      106,
      6,
      10,
      8,
      0
    ],
    [
      4,
      6,
      0,
      0,
      1,
      0
    ],
    [
      1,
      3,
      17,
      2,
      0,
      0
    ],
    [
      0,
      1,
      0,
      17,
      0,
      0
    ],
    [
      0,
      1,
      0,
      1,
      14,
      0
    ],
    [
      0,
      0,
      0,
      0,
      0,
      0
    ]
  ],
  "per_class_auc": {
    "NoFailure": 0.9716005967604434,
    "TWF": 0.839892134009781,
    "HDF": 0.995623584262497,
    "PWF": 0.9987386478304743,
    "OSF": 0.990297379032258,
    "RNF": NaN
  },
  "macro_auc": NaN,
  "micro_auc": 0.9958767,
  "weighted_auc": 0.9715462812893931,
  "binary_auc": 0.9716005967604433
}