{
  "accuracy": 0.8835,
  "balanced_accuracy": 0.8504925026664157,
  "macro_f1": 0.5146504957121364,
  "weighted_f1": 0.9215873686428653,
  "support_per_class": {
    "NoFailure": 1932,
    "TWF": 11,
    "HDF": 23,
    "PWF": 18,
    "OSF": 16,
    "RNF": 0
  },
  "report": {
    "NoFailure": {
      "precision": 0.9988317757009346,
      "recall": 0.8850931677018633,
      "f1-score": 0.9385290889132821,
      "support": 1932.0
    },
    "TWF": {
      "precision": 0.052980132450331126,
      "recall": 0.7272727272727273,
      "f1-score": 0.09876543209876543,
      "support": 11.0
    },
    "HDF": {
      "precision": 0.36363636363636365,
      "recall": 0.6956521739130435,
      "f1-score": 0.47761194029850745,
      "support": 23.0
    },
    "PWF": {
      "precision": 0.3090909090909091,
      "recall": 0.9444444444444444,
      "f1-score": 0.4657534246575342,
      "support": 18.0
    },
    "OSF": {
      "precision": 0.42105263157894735,
      "recall": 1.0,
      "f1-score": 0.5925925925925926,
      "support": 16.0
    },
    "RNF": {
      "precision": 0.0,
      "recall": 0.0,
      "f1-score": 0.0,
      "support": 0.0
    },
    "accuracy": 0.8835,
    "macro avg": {
      "precision": 0.357598635409581,
      "recall": 0.7087437522220131,
      "f1-score": 0.42887541309344696,
      "support": 2000.0
    },
    "weighted avg": {
      "precision": 0.9754949434718475,
      "recall": 0.8835,
      "f1-score": 0.9215873686428653,
      "support": 2000.0
    }
  },
  "confusion_matrix": [
    [
      1710,
      141,
      28,
      33,
      20,
      0
    ],
    [
      2,
      8,
      0,
      0,
      1,
      0
    ],
    [
      0,
      2,
      16,
      5,
      0,
      0
    ],
    [
      0,
      0,
      0,
      17,
      1,
      0
    ],
    [
      0,
      0,
      0,
      0,
      16,
      0
    ],
    [
      0,
      0,
      0,
      0,
      0,
      0
    ]
  ]
}