{
  "accuracy": 0.8085,
  "balanced_accuracy": 0.8230566534914361,
  "macro_f1": 0.43874362925721677,
  "weighted_f1": 0.8751714459576999,
  "support_per_class": {
    "NoFailure": 1932,
    "TWF": 11,
    "HDF": 23,
    "PWF": 18,
    "OSF": 16,
    "RNF": 0
  },
  "report": {
    "NoFailure": {
      "precision": 1.0,
      "recall": 0.8079710144927537,
      "f1-score": 0.8937875751503006,
      "support": 1932.0
    },
    "TWF": {
      "precision": 0.03515625,
      "recall": 0.8181818181818182,
      "f1-score": 0.06741573033707865,
      "support": 11.0
    },
    "HDF": {
      "precision": 0.19767441860465115,
      "recall": 0.7391304347826086,
      "f1-score": 0.3119266055045872,
      "support": 23.0
    },
    "PWF": {
      "precision": 0.2903225806451613,
      "recall": 1.0,
      "f1-score": 0.45,
      "support": 18.0
    },
    "OSF": {
      "precision": 0.34285714285714286,
      "recall": 0.75,
      "f1-score": 0.47058823529411764,
      "support": 16.0
    },
    "RNF": {
      "precision": 0.0,
      "recall": 0.0,
      "f1-score": 0.0,
      "support": 0.0
    },
    "accuracy": 0.8085,
    "macro avg": {
      "precision": 0.3110017320178258,
      "recall": 0.6858805445761967,
      "f1-score": 0.3656196910476806,
      "support": 2000.0
    },
    "weighted avg": {
      "precision": 0.9738223755576171,
      "recall": 0.8085,
      "f1-score": 0.8751714459576999,
      "support": 2000.0
    }
  },
  "confusion_matrix": [
    [
      1561,
      245,
      69,
      37,
      20,
      0
    ],
    [
      0,
      9,
      0,
      0,
      2,
      0
    ],
    [
      0,
      2,
      17,
      3,
      1,
      0
    ],
    [
      0,
      0,
      0,
      18,
      0,
      0
    ],
    [
      0,
      0,
      0,
      4,
      12,
      0
    ],
    [
      0,
      0,
      0,
      0,
      0,
      0
    ]
  ],
  "per_class_auc": {
    "NoFailure": 0.9759316770186336,
    "TWF": 0.9260478084007496,
    "HDF": 0.9791075630621715,
    "PWF": 0.9970568449377732,
    "OSF": 0.9949596774193548,
    "RNF": NaN
  },
  "macro_auc": NaN,
  "micro_auc": 0.9727312499999999,
  "weighted_auc": 0.976036188945214,
  "binary_auc": 0.9759316770186335
}