{
  "accuracy": 0.883,
  "balanced_accuracy": 0.8737499215760085,
  "macro_f1": 0.5597951106123171,
  "weighted_f1": 0.9222207434889036,
  "support_per_class": {
    "NoFailure": 1932,
    "TWF": 11,
    "HDF": 23,
    "PWF": 18,
    "OSF": 16,
    "RNF": 0
  },
  "report": {
    "NoFailure": {
      "precision": 0.9982445874780573,
      "recall": 0.8830227743271222,
      "f1-score": 0.9371051908816259,
      "support": 1932.0
    },
    "TWF": {
      "precision": 0.050314465408805034,
      "recall": 0.7272727272727273,
      "f1-score": 0.09411764705882353,
      "support": 11.0
    },
    "HDF": {
      "precision": 0.29850746268656714,
      "recall": 0.8695652173913043,
      "f1-score": 0.4444444444444444,
      "support": 23.0
    },
    "PWF": {
      "precision": 0.6666666666666666,
      "recall": 0.8888888888888888,
      "f1-score": 0.7619047619047619,
      "support": 18.0
    },
    "OSF": {
      "precision": 0.3902439024390244,
      "recall": 1.0,
      "f1-score": 0.5614035087719298,
      "support": 16.0
    },
    "RNF": {
      "precision": 0.0,
      "recall": 0.0,
      "f1-score": 0.0,
      "support": 0.0
    },
    "accuracy": 0.883,
    "macro avg": {
      "precision": 0.4006628474465201,
      "recall": 0.7281249346466737,
      "f1-score": 0.46649592551026425,
      "support": 2000.0
    },
    "weighted avg": {
      "precision": 0.9771357881039596,
      "recall": 0.883,
      "f1-score": 0.9222207434889036,
      "support": 2000.0
    }
  },
  "confusion_matrix": [
    [
      1706,
      150,
      47,
      7,
      22,
      0
    ],
    [
      2,
      8,
      0,
      0,
      1,
      0
    ],
    [
      0,
      1,
      20,
      1,
      1,
      0
    ],
    [
      1,
      0,
      0,
      16,
      1,
      0
    ],
    [
      0,
      0,
      0,
      0,
      16,
      0
    ],
    [
      0,
      0,
      0,
      0,
      0,
      0
    ]
  ]
}