{
  "accuracy": 0.9509263895843766,
  "balanced_accuracy": 0.7855156815296109,
  "macro_f1": 0.6612826576260062,
  "weighted_f1": 0.9634673758320406,
  "support_per_class": {
    "NoFailure": 1929,
    "TWF": 11,
    "HDF": 23,
    "PWF": 18,
    "OSF": 16
  },
  "report": {
    "NoFailure": {
      "precision": 0.994073275862069,
      "recall": 0.9564541213063764,
      "f1-score": 0.9749009247027741,
      "support": 1929.0
    },
    "TWF": {
      "precision": 0.06349206349206349,
      "recall": 0.36363636363636365,
      "f1-score": 0.10810810810810811,
      "support": 11.0
    },
    "HDF": {
      "precision": 0.6363636363636364,
      "recall": 0.9130434782608695,
      "f1-score": 0.75,
      "support": 23.0
    },
    "PWF": {
      "precision": 0.5862068965517241,
      "recall": 0.9444444444444444,
      "f1-score": 0.723404255319149,
      "support": 18.0
    },
    "OSF": {
      "precision": 0.75,
      "recall": 0.75,
      "f1-score": 0.75,
      "support": 16.0
    },
    "accuracy": 0.9509263895843766,
    "macro avg": {
      "precision": 0.6060271744538986,
      "recall": 0.7855156815296109,
      "f1-score": 0.6612826576260062,
      "support": 1997.0
    },
    "weighted avg": {
      "precision": 0.9791957183828935,
      "recall": 0.9509263895843766,
      "f1-score": 0.9634673758320406,
      "support": 1997.0
    }
  },
  "confusion_matrix": [
    [
      1845,
      57,
      12,
      12,
      3
    ],
    [
      7,
      4,
      0,
      0,
      0
    ],
    [
      1,
      0,
      21,
      0,
      1
    ],
    [
      1,
      0,
      0,
      17,
      0
    ],
    [
      2,
      2,
      0,
      0,
      12
    ]
  ],
  "per_class_auc": {
    "NoFailure": 0.9496920074406123,
    "TWF": 0.8243156641948183,
    "HDF": 0.9693625831461169,
    "PWF": 0.9982875750940431,
    "OSF": 0.9375000000000001
  },
  "macro_auc": 0.9358315659751181,
  "micro_auc": 0.995439140182482,
  "weighted_auc": 0.9495682876430334,
  "binary_auc": 0.9496920074406123
}